evidence_id,source_type,source_name,source_path_or_url,page_or_line_ref,claim,evidence_tier,extraction_method,confidence,review_status
evidence_data_reference_pr_municipalities_csv_row_2_3906e138a4,registry,data/reference/pr_municipalities.csv,data/reference/pr_municipalities.csv,row 2,Puerto Rico municipality 'Adjuntas' (county FIPS 72001),T1,manual,0.95,accepted
evidence_data_reference_pr_municipalities_csv_row_3_b7c344723d,registry,data/reference/pr_municipalities.csv,data/reference/pr_municipalities.csv,row 3,Puerto Rico municipality 'Aguada' (county FIPS 72003),T1,manual,0.95,accepted
evidence_data_reference_pr_municipalities_csv_row_4_afd27ba957,registry,data/reference/pr_municipalities.csv,data/reference/pr_municipalities.csv,row 4,Puerto Rico municipality 'Aguadilla' (county FIPS 72005),T1,manual,0.95,accepted
evidence_data_reference_pr_municipalities_csv_row_5_3e65fb4d65,registry,data/reference/pr_municipalities.csv,data/reference/pr_municipalities.csv,row 5,Puerto Rico municipality 'Aguas Buenas' (county FIPS 72007),T1,manual,0.95,accepted
evidence_data_reference_pr_municipalities_csv_row_6_d49f001501,registry,data/reference/pr_municipalities.csv,data/reference/pr_municipalities.csv,row 6,Puerto Rico municipality 'Aibonito' (county FIPS 72009),T1,manual,0.95,accepted
evidence_data_reference_pr_municipalities_csv_row_7_28716bb781,registry,data/reference/pr_municipalities.csv,data/reference/pr_municipalities.csv,row 7,Puerto Rico municipality 'Anasco' (county FIPS 72011),T1,manual,0.95,accepted
evidence_data_reference_pr_municipalities_csv_row_8_d0bd89a103,registry,data/reference/pr_municipalities.csv,data/reference/pr_municipalities.csv,row 8,Puerto Rico municipality 'Arecibo' (county FIPS 72013),T1,manual,0.95,accepted
evidence_data_reference_pr_municipalities_csv_row_9_8b7688fcfa,registry,data/reference/pr_municipalities.csv,data/reference/pr_municipalities.csv,row 9,Puerto Rico municipality 'Arroyo' (county FIPS 72015),T1,manual,0.95,accepted
evidence_data_reference_pr_municipalities_csv_row_10_5c3c5c3e00,registry,data/reference/pr_municipalities.csv,data/reference/pr_municipalities.csv,row 10,Puerto Rico municipality 'Barceloneta' (county FIPS 72017),T1,manual,0.95,accepted
evidence_data_reference_pr_municipalities_csv_row_11_ae7409cda5,registry,data/reference/pr_municipalities.csv,data/reference/pr_municipalities.csv,row 11,Puerto Rico municipality 'Barranquitas' (county FIPS 72019),T1,manual,0.95,accepted
evidence_data_reference_pr_municipalities_csv_row_12_189ac44633,registry,data/reference/pr_municipalities.csv,data/reference/pr_municipalities.csv,row 12,Puerto Rico municipality 'Bayamon' (county FIPS 72021),T1,manual,0.95,accepted
evidence_data_reference_pr_municipalities_csv_row_13_470cc7683c,registry,data/reference/pr_municipalities.csv,data/reference/pr_municipalities.csv,row 13,Puerto Rico municipality 'Cabo Rojo' (county FIPS 72023),T1,manual,0.95,accepted
evidence_data_reference_pr_municipalities_csv_row_14_eb5d6616c2,registry,data/reference/pr_municipalities.csv,data/reference/pr_municipalities.csv,row 14,Puerto Rico municipality 'Caguas' (county FIPS 72025),T1,manual,0.95,accepted
evidence_data_reference_pr_municipalities_csv_row_15_bb3ce262c3,registry,data/reference/pr_municipalities.csv,data/reference/pr_municipalities.csv,row 15,Puerto Rico municipality 'Camuy' (county FIPS 72027),T1,manual,0.95,accepted
evidence_data_reference_pr_municipalities_csv_row_16_b34659d1d7,registry,data/reference/pr_municipalities.csv,data/reference/pr_municipalities.csv,row 16,Puerto Rico municipality 'Canovanas' (county FIPS 72029),T1,manual,0.95,accepted
evidence_data_reference_pr_municipalities_csv_row_17_c485fd7bde,registry,data/reference/pr_municipalities.csv,data/reference/pr_municipalities.csv,row 17,Puerto Rico municipality 'Carolina' (county FIPS 72031),T1,manual,0.95,accepted
evidence_data_reference_pr_municipalities_csv_row_18_fa30d2ce21,registry,data/reference/pr_municipalities.csv,data/reference/pr_municipalities.csv,row 18,Puerto Rico municipality 'Catano' (county FIPS 72033),T1,manual,0.95,accepted
evidence_data_reference_pr_municipalities_csv_row_19_a5756c811d,registry,data/reference/pr_municipalities.csv,data/reference/pr_municipalities.csv,row 19,Puerto Rico municipality 'Cayey' (county FIPS 72035),T1,manual,0.95,accepted
evidence_data_reference_pr_municipalities_csv_row_20_9987feaf7d,registry,data/reference/pr_municipalities.csv,data/reference/pr_municipalities.csv,row 20,Puerto Rico municipality 'Ceiba' (county FIPS 72037),T1,manual,0.95,accepted
evidence_data_reference_pr_municipalities_csv_row_21_24b7f61973,registry,data/reference/pr_municipalities.csv,data/reference/pr_municipalities.csv,row 21,Puerto Rico municipality 'Ciales' (county FIPS 72039),T1,manual,0.95,accepted
evidence_data_reference_pr_municipalities_csv_row_22_3188deda00,registry,data/reference/pr_municipalities.csv,data/reference/pr_municipalities.csv,row 22,Puerto Rico municipality 'Cidra' (county FIPS 72041),T1,manual,0.95,accepted
evidence_data_reference_pr_municipalities_csv_row_23_f766d76aba,registry,data/reference/pr_municipalities.csv,data/reference/pr_municipalities.csv,row 23,Puerto Rico municipality 'Coamo' (county FIPS 72043),T1,manual,0.95,accepted
evidence_data_reference_pr_municipalities_csv_row_24_e2b29a028b,registry,data/reference/pr_municipalities.csv,data/reference/pr_municipalities.csv,row 24,Puerto Rico municipality 'Comerio' (county FIPS 72045),T1,manual,0.95,accepted
evidence_data_reference_pr_municipalities_csv_row_25_76c65e7a5c,registry,data/reference/pr_municipalities.csv,data/reference/pr_municipalities.csv,row 25,Puerto Rico municipality 'Corozal' (county FIPS 72047),T1,manual,0.95,accepted
evidence_data_reference_pr_municipalities_csv_row_26_0a68b1177f,registry,data/reference/pr_municipalities.csv,data/reference/pr_municipalities.csv,row 26,Puerto Rico municipality 'Culebra' (county FIPS 72049),T1,manual,0.95,accepted
evidence_data_reference_pr_municipalities_csv_row_27_0c65a2ea0e,registry,data/reference/pr_municipalities.csv,data/reference/pr_municipalities.csv,row 27,Puerto Rico municipality 'Dorado' (county FIPS 72051),T1,manual,0.95,accepted
evidence_data_reference_pr_municipalities_csv_row_28_f76e810585,registry,data/reference/pr_municipalities.csv,data/reference/pr_municipalities.csv,row 28,Puerto Rico municipality 'Fajardo' (county FIPS 72053),T1,manual,0.95,accepted
evidence_data_reference_pr_municipalities_csv_row_29_e9476aa6bc,registry,data/reference/pr_municipalities.csv,data/reference/pr_municipalities.csv,row 29,Puerto Rico municipality 'Florida' (county FIPS 72054),T1,manual,0.95,accepted
evidence_data_reference_pr_municipalities_csv_row_30_4296592246,registry,data/reference/pr_municipalities.csv,data/reference/pr_municipalities.csv,row 30,Puerto Rico municipality 'Guanica' (county FIPS 72055),T1,manual,0.95,accepted
evidence_data_reference_pr_municipalities_csv_row_31_5ae974cfd3,registry,data/reference/pr_municipalities.csv,data/reference/pr_municipalities.csv,row 31,Puerto Rico municipality 'Guayama' (county FIPS 72057),T1,manual,0.95,accepted
evidence_data_reference_pr_municipalities_csv_row_32_ac0ed7415c,registry,data/reference/pr_municipalities.csv,data/reference/pr_municipalities.csv,row 32,Puerto Rico municipality 'Guayanilla' (county FIPS 72059),T1,manual,0.95,accepted
evidence_data_reference_pr_municipalities_csv_row_33_5dd9d9021f,registry,data/reference/pr_municipalities.csv,data/reference/pr_municipalities.csv,row 33,Puerto Rico municipality 'Guaynabo' (county FIPS 72061),T1,manual,0.95,accepted
evidence_data_reference_pr_municipalities_csv_row_34_9ec0a5539c,registry,data/reference/pr_municipalities.csv,data/reference/pr_municipalities.csv,row 34,Puerto Rico municipality 'Gurabo' (county FIPS 72063),T1,manual,0.95,accepted
evidence_data_reference_pr_municipalities_csv_row_35_21c1c382a8,registry,data/reference/pr_municipalities.csv,data/reference/pr_municipalities.csv,row 35,Puerto Rico municipality 'Hatillo' (county FIPS 72065),T1,manual,0.95,accepted
evidence_data_reference_pr_municipalities_csv_row_36_ddb34381c2,registry,data/reference/pr_municipalities.csv,data/reference/pr_municipalities.csv,row 36,Puerto Rico municipality 'Hormigueros' (county FIPS 72067),T1,manual,0.95,accepted
evidence_data_reference_pr_municipalities_csv_row_37_ed1721ff42,registry,data/reference/pr_municipalities.csv,data/reference/pr_municipalities.csv,row 37,Puerto Rico municipality 'Humacao' (county FIPS 72069),T1,manual,0.95,accepted
evidence_data_reference_pr_municipalities_csv_row_38_5dc5fa1629,registry,data/reference/pr_municipalities.csv,data/reference/pr_municipalities.csv,row 38,Puerto Rico municipality 'Isabela' (county FIPS 72071),T1,manual,0.95,accepted
evidence_data_reference_pr_municipalities_csv_row_39_4b68cda456,registry,data/reference/pr_municipalities.csv,data/reference/pr_municipalities.csv,row 39,Puerto Rico municipality 'Jayuya' (county FIPS 72073),T1,manual,0.95,accepted
evidence_data_reference_pr_municipalities_csv_row_40_0513a57d47,registry,data/reference/pr_municipalities.csv,data/reference/pr_municipalities.csv,row 40,Puerto Rico municipality 'Juana Diaz' (county FIPS 72075),T1,manual,0.95,accepted
evidence_data_reference_pr_municipalities_csv_row_41_b572b3a3ee,registry,data/reference/pr_municipalities.csv,data/reference/pr_municipalities.csv,row 41,Puerto Rico municipality 'Juncos' (county FIPS 72077),T1,manual,0.95,accepted
evidence_data_reference_pr_municipalities_csv_row_42_75f52237ea,registry,data/reference/pr_municipalities.csv,data/reference/pr_municipalities.csv,row 42,Puerto Rico municipality 'Lajas' (county FIPS 72079),T1,manual,0.95,accepted
evidence_data_reference_pr_municipalities_csv_row_43_1275d9e125,registry,data/reference/pr_municipalities.csv,data/reference/pr_municipalities.csv,row 43,Puerto Rico municipality 'Lares' (county FIPS 72081),T1,manual,0.95,accepted
evidence_data_reference_pr_municipalities_csv_row_44_5d6b7182d3,registry,data/reference/pr_municipalities.csv,data/reference/pr_municipalities.csv,row 44,Puerto Rico municipality 'Las Marias' (county FIPS 72083),T1,manual,0.95,accepted
evidence_data_reference_pr_municipalities_csv_row_45_4e1489ec87,registry,data/reference/pr_municipalities.csv,data/reference/pr_municipalities.csv,row 45,Puerto Rico municipality 'Las Piedras' (county FIPS 72085),T1,manual,0.95,accepted
evidence_data_reference_pr_municipalities_csv_row_46_c8536b9ad6,registry,data/reference/pr_municipalities.csv,data/reference/pr_municipalities.csv,row 46,Puerto Rico municipality 'Loiza' (county FIPS 72087),T1,manual,0.95,accepted
evidence_data_reference_pr_municipalities_csv_row_47_57a11e442c,registry,data/reference/pr_municipalities.csv,data/reference/pr_municipalities.csv,row 47,Puerto Rico municipality 'Luquillo' (county FIPS 72089),T1,manual,0.95,accepted
evidence_data_reference_pr_municipalities_csv_row_48_b6fad095ea,registry,data/reference/pr_municipalities.csv,data/reference/pr_municipalities.csv,row 48,Puerto Rico municipality 'Manati' (county FIPS 72091),T1,manual,0.95,accepted
evidence_data_reference_pr_municipalities_csv_row_49_dcb0172b5c,registry,data/reference/pr_municipalities.csv,data/reference/pr_municipalities.csv,row 49,Puerto Rico municipality 'Maricao' (county FIPS 72093),T1,manual,0.95,accepted
evidence_data_reference_pr_municipalities_csv_row_50_0d43cdb93b,registry,data/reference/pr_municipalities.csv,data/reference/pr_municipalities.csv,row 50,Puerto Rico municipality 'Maunabo' (county FIPS 72095),T1,manual,0.95,accepted
evidence_data_reference_pr_municipalities_csv_row_51_dc387ad6ef,registry,data/reference/pr_municipalities.csv,data/reference/pr_municipalities.csv,row 51,Puerto Rico municipality 'Mayaguez' (county FIPS 72097),T1,manual,0.95,accepted
evidence_data_reference_pr_municipalities_csv_row_52_b93ec951b7,registry,data/reference/pr_municipalities.csv,data/reference/pr_municipalities.csv,row 52,Puerto Rico municipality 'Moca' (county FIPS 72099),T1,manual,0.95,accepted
evidence_data_reference_pr_municipalities_csv_row_53_febda7de47,registry,data/reference/pr_municipalities.csv,data/reference/pr_municipalities.csv,row 53,Puerto Rico municipality 'Morovis' (county FIPS 72101),T1,manual,0.95,accepted
evidence_data_reference_pr_municipalities_csv_row_54_0a669258e2,registry,data/reference/pr_municipalities.csv,data/reference/pr_municipalities.csv,row 54,Puerto Rico municipality 'Naguabo' (county FIPS 72103),T1,manual,0.95,accepted
evidence_data_reference_pr_municipalities_csv_row_55_374473e3a3,registry,data/reference/pr_municipalities.csv,data/reference/pr_municipalities.csv,row 55,Puerto Rico municipality 'Naranjito' (county FIPS 72105),T1,manual,0.95,accepted
evidence_data_reference_pr_municipalities_csv_row_56_c835c190fa,registry,data/reference/pr_municipalities.csv,data/reference/pr_municipalities.csv,row 56,Puerto Rico municipality 'Orocovis' (county FIPS 72107),T1,manual,0.95,accepted
evidence_data_reference_pr_municipalities_csv_row_57_43cd7aaedd,registry,data/reference/pr_municipalities.csv,data/reference/pr_municipalities.csv,row 57,Puerto Rico municipality 'Patillas' (county FIPS 72109),T1,manual,0.95,accepted
evidence_data_reference_pr_municipalities_csv_row_58_2714df5e99,registry,data/reference/pr_municipalities.csv,data/reference/pr_municipalities.csv,row 58,Puerto Rico municipality 'Penuelas' (county FIPS 72111),T1,manual,0.95,accepted
evidence_data_reference_pr_municipalities_csv_row_59_4b6be377f3,registry,data/reference/pr_municipalities.csv,data/reference/pr_municipalities.csv,row 59,Puerto Rico municipality 'Ponce' (county FIPS 72113),T1,manual,0.95,accepted
evidence_data_reference_pr_municipalities_csv_row_60_a8731067fc,registry,data/reference/pr_municipalities.csv,data/reference/pr_municipalities.csv,row 60,Puerto Rico municipality 'Quebradillas' (county FIPS 72115),T1,manual,0.95,accepted
evidence_data_reference_pr_municipalities_csv_row_61_53d6e7d141,registry,data/reference/pr_municipalities.csv,data/reference/pr_municipalities.csv,row 61,Puerto Rico municipality 'Rincon' (county FIPS 72117),T1,manual,0.95,accepted
evidence_data_reference_pr_municipalities_csv_row_62_2fda01c377,registry,data/reference/pr_municipalities.csv,data/reference/pr_municipalities.csv,row 62,Puerto Rico municipality 'Rio Grande' (county FIPS 72119),T1,manual,0.95,accepted
evidence_data_reference_pr_municipalities_csv_row_63_137cb30a4e,registry,data/reference/pr_municipalities.csv,data/reference/pr_municipalities.csv,row 63,Puerto Rico municipality 'Sabana Grande' (county FIPS 72121),T1,manual,0.95,accepted
evidence_data_reference_pr_municipalities_csv_row_64_3b55d52c01,registry,data/reference/pr_municipalities.csv,data/reference/pr_municipalities.csv,row 64,Puerto Rico municipality 'Salinas' (county FIPS 72123),T1,manual,0.95,accepted
evidence_data_reference_pr_municipalities_csv_row_65_d7c1ea5b52,registry,data/reference/pr_municipalities.csv,data/reference/pr_municipalities.csv,row 65,Puerto Rico municipality 'San German' (county FIPS 72125),T1,manual,0.95,accepted
evidence_data_reference_pr_municipalities_csv_row_66_750b75901f,registry,data/reference/pr_municipalities.csv,data/reference/pr_municipalities.csv,row 66,Puerto Rico municipality 'San Juan' (county FIPS 72127),T1,manual,0.95,accepted
evidence_data_reference_pr_municipalities_csv_row_67_9809a6554e,registry,data/reference/pr_municipalities.csv,data/reference/pr_municipalities.csv,row 67,Puerto Rico municipality 'San Lorenzo' (county FIPS 72129),T1,manual,0.95,accepted
evidence_data_reference_pr_municipalities_csv_row_68_cee3c01478,registry,data/reference/pr_municipalities.csv,data/reference/pr_municipalities.csv,row 68,Puerto Rico municipality 'San Sebastian' (county FIPS 72131),T1,manual,0.95,accepted
evidence_data_reference_pr_municipalities_csv_row_69_8c1ec3d7e7,registry,data/reference/pr_municipalities.csv,data/reference/pr_municipalities.csv,row 69,Puerto Rico municipality 'Santa Isabel' (county FIPS 72133),T1,manual,0.95,accepted
evidence_data_reference_pr_municipalities_csv_row_70_5da02758db,registry,data/reference/pr_municipalities.csv,data/reference/pr_municipalities.csv,row 70,Puerto Rico municipality 'Toa Alta' (county FIPS 72135),T1,manual,0.95,accepted
evidence_data_reference_pr_municipalities_csv_row_71_ec6ff2eded,registry,data/reference/pr_municipalities.csv,data/reference/pr_municipalities.csv,row 71,Puerto Rico municipality 'Toa Baja' (county FIPS 72137),T1,manual,0.95,accepted
evidence_data_reference_pr_municipalities_csv_row_72_592109671c,registry,data/reference/pr_municipalities.csv,data/reference/pr_municipalities.csv,row 72,Puerto Rico municipality 'Trujillo Alto' (county FIPS 72139),T1,manual,0.95,accepted
evidence_data_reference_pr_municipalities_csv_row_73_b0074c7dad,registry,data/reference/pr_municipalities.csv,data/reference/pr_municipalities.csv,row 73,Puerto Rico municipality 'Utuado' (county FIPS 72141),T1,manual,0.95,accepted
evidence_data_reference_pr_municipalities_csv_row_74_6b05e7edb0,registry,data/reference/pr_municipalities.csv,data/reference/pr_municipalities.csv,row 74,Puerto Rico municipality 'Vega Alta' (county FIPS 72143),T1,manual,0.95,accepted
evidence_data_reference_pr_municipalities_csv_row_75_7d85642cde,registry,data/reference/pr_municipalities.csv,data/reference/pr_municipalities.csv,row 75,Puerto Rico municipality 'Vega Baja' (county FIPS 72145),T1,manual,0.95,accepted
evidence_data_reference_pr_municipalities_csv_row_76_37019fd5c8,registry,data/reference/pr_municipalities.csv,data/reference/pr_municipalities.csv,row 76,Puerto Rico municipality 'Vieques' (county FIPS 72147),T1,manual,0.95,accepted
evidence_data_reference_pr_municipalities_csv_row_77_7380c16e22,registry,data/reference/pr_municipalities.csv,data/reference/pr_municipalities.csv,row 77,Puerto Rico municipality 'Villalba' (county FIPS 72149),T1,manual,0.95,accepted
evidence_data_reference_pr_municipalities_csv_row_78_b1aa260e6b,registry,data/reference/pr_municipalities.csv,data/reference/pr_municipalities.csv,row 78,Puerto Rico municipality 'Yabucoa' (county FIPS 72151),T1,manual,0.95,accepted
evidence_data_reference_pr_municipalities_csv_row_79_97eec4c6c3,registry,data/reference/pr_municipalities.csv,data/reference/pr_municipalities.csv,row 79,Puerto Rico municipality 'Yauco' (county FIPS 72153),T1,manual,0.95,accepted
evidence_top250_power_registry_row_30_61c936538f,registry,Top250 Power Registry,data/raw/top250_power_registry.csv,row 30,Registry lists 'Alejandro García Padilla' as a Puerto Rico public-money actor (tiers A; flows Debt); source-confirmed.,T2,manual,0.85,accepted
evidence_top250_power_registry_row_12_8af8fd8d49,registry,Top250 Power Registry,data/raw/top250_power_registry.csv,row 12,"Registry lists 'Ana Matosantos' as a Puerto Rico public-money actor (tiers A/E; flows Debt,Lobbying); source-confirmed.",T1,manual,0.95,accepted
evidence_top250_power_registry_row_21_3486bfec4b,registry,Top250 Power Registry,data/raw/top250_power_registry.csv,row 21,Registry lists 'Andrew Biggs' as a Puerto Rico public-money actor (tiers A; flows Debt); source-confirmed.,T1,manual,0.95,accepted
evidence_top250_power_registry_row_77_2a138ea8ad,registry,Top250 Power Registry,data/raw/top250_power_registry.csv,row 77,Registry lists 'Andrew N. Rosenberg' as a Puerto Rico public-money actor (tiers C; flows Debt); source-confirmed.,T1,manual,0.95,accepted
evidence_top250_power_registry_row_62_54c3249ffc,registry,Top250 Power Registry,data/raw/top250_power_registry.csv,row 62,Registry lists 'Andrew Rosenberg' as a Puerto Rico public-money actor (tiers B; flows Debt); source-confirmed.,T2,manual,0.85,accepted
evidence_top250_power_registry_row_32_a5c2a7660d,registry,Top250 Power Registry,data/raw/top250_power_registry.csv,row 32,Registry lists 'Aníbal Acevedo Vilá' as a Puerto Rico public-money actor (tiers A; flows Debt); source-confirmed.,T2,manual,0.85,accepted
evidence_top250_power_registry_row_13_8861db1cf9,registry,Top250 Power Registry,data/raw/top250_power_registry.csv,row 13,Registry lists 'Antonio L. Medina' as a Puerto Rico public-money actor (tiers A; flows Debt); source-confirmed.,T1,manual,0.95,accepted
evidence_top250_power_registry_row_15_ce92685996,registry,Top250 Power Registry,data/raw/top250_power_registry.csv,row 15,Registry lists 'Arthur Gonzalez' as a Puerto Rico public-money actor (tiers A; flows Debt); source-confirmed.,T1,manual,0.95,accepted
evidence_top250_power_registry_row_17_083a9c5d60,registry,Top250 Power Registry,data/raw/top250_power_registry.csv,row 17,Registry lists 'Betty Rosa' as a Puerto Rico public-money actor (tiers A; flows Debt); source-confirmed.,T1,manual,0.95,accepted
evidence_top250_power_registry_row_67_dfd92ade5b,registry,Top250 Power Registry,data/raw/top250_power_registry.csv,row 67,Registry lists 'Brian Rosen' as a Puerto Rico public-money actor (tiers B/C; flows Debt); source-confirmed.,T2,manual,0.85,accepted
evidence_top250_power_registry_row_41_0787697b41,registry,Top250 Power Registry,data/raw/top250_power_registry.csv,row 41,Registry lists 'Bruce Karsh' as a Puerto Rico public-money actor (tiers B; flows Debt); source-confirmed.,T2,manual,0.85,accepted
evidence_top250_power_registry_row_20_ce4ed36896,registry,Top250 Power Registry,data/raw/top250_power_registry.csv,row 20,Registry lists 'Cameron McKenzie' as a Puerto Rico public-money actor (tiers A; flows Debt); source-confirmed.,T1,manual,0.95,accepted
evidence_top250_power_registry_row_10_57c58711c4,registry,Top250 Power Registry,data/raw/top250_power_registry.csv,row 10,Registry lists 'Carlos García' as a Puerto Rico public-money actor (tiers A; flows Debt); source-confirmed.,T1,manual,0.95,accepted
evidence_top250_power_registry_row_24_6b2ff3f2c5,registry,Top250 Power Registry,data/raw/top250_power_registry.csv,row 24,"Registry lists 'Christian Sobrino' as a Puerto Rico public-money actor (tiers A/E; flows Debt,Lobbying); source-confirmed.",T2,manual,0.85,accepted
evidence_top250_power_registry_row_14_49f2e55356,registry,Top250 Power Registry,data/raw/top250_power_registry.csv,row 14,Registry lists 'David Skeel' as a Puerto Rico public-money actor (tiers A; flows Debt); source-confirmed.,T1,manual,0.95,accepted
evidence_top250_power_registry_row_124_7a9eea08ad,registry,Top250 Power Registry,data/raw/top250_power_registry.csv,row 124,Registry lists 'Doriel Pagán' as a Puerto Rico public-money actor (tiers D; flows Utilities); source-confirmed.,T1,manual,0.95,accepted
evidence_top250_power_registry_row_215_d32ac0f99f,registry,Top250 Power Registry,data/raw/top250_power_registry.csv,row 215,Registry lists 'Federico Stubbe' as a Puerto Rico public-money actor (tiers F; flows RealEstate); source-confirmed.,T2,manual,0.85,accepted
evidence_top250_power_registry_row_121_ec66fafdfb,registry,Top250 Power Registry,data/raw/top250_power_registry.csv,row 121,"Registry lists 'Fermin Fontanes' as a Puerto Rico public-money actor (tiers D; flows Contracts,Privatization); source-confirmed.",T1,manual,0.95,accepted
evidence_top250_power_registry_row_3_c062a0a834,registry,Top250 Power Registry,data/raw/top250_power_registry.csv,row 3,"Registry lists 'Francisco J. Domenech' as a Puerto Rico public-money actor (tiers A; flows Contracts,Debt); source-confirmed.",T1,manual,0.95,accepted
evidence_top250_power_registry_row_40_faab58d3ed,registry,Top250 Power Registry,data/raw/top250_power_registry.csv,row 40,Registry lists 'Howard Marks' as a Puerto Rico public-money actor (tiers B; flows Debt); source-confirmed.,T2,manual,0.85,accepted
evidence_top250_power_registry_row_120_8a6460e6b9,registry,Top250 Power Registry,data/raw/top250_power_registry.csv,row 120,Registry lists 'Ivan Báez' as a Puerto Rico public-money actor (tiers D; flows Utilities); source-confirmed.,T1,manual,0.95,accepted
evidence_top250_power_registry_row_6_835aa32869,registry,Top250 Power Registry,data/raw/top250_power_registry.csv,row 6,Registry lists 'Jaime El Koury' as a Puerto Rico public-money actor (tiers A; flows Debt); source-confirmed.,T1,manual,0.95,accepted
evidence_top250_power_registry_row_117_5503d2c1b2,registry,Top250 Power Registry,data/raw/top250_power_registry.csv,row 117,Registry lists 'Janisse Quiñones' as a Puerto Rico public-money actor (tiers D; flows Utilities); source-confirmed.,T1,manual,0.95,accepted
evidence_top250_power_registry_row_8_148c6d28eb,registry,Top250 Power Registry,data/raw/top250_power_registry.csv,row 8,"Registry lists 'Jenniffer González Colón' as a Puerto Rico public-money actor (tiers A; flows Debt,Legislative); source-confirmed.",T1,manual,0.95,accepted
evidence_top250_power_registry_row_5_2aaacd2185,registry,Top250 Power Registry,data/raw/top250_power_registry.csv,row 5,Registry lists 'John E. Nixon' as a Puerto Rico public-money actor (tiers A; flows Debt); source-confirmed.,T1,manual,0.95,accepted
evidence_top250_power_registry_row_108_38e02fe551,registry,Top250 Power Registry,data/raw/top250_power_registry.csv,row 108,Registry lists 'John J. Rapisardi' as a Puerto Rico public-money actor (tiers C; flows Debt); source-confirmed.,T2,manual,0.85,accepted
evidence_top250_power_registry_row_2_0ec2db39f3,registry,Top250 Power Registry,data/raw/top250_power_registry.csv,row 2,"Registry lists 'John Paulson' as a Puerto Rico public-money actor (tiers A; flows Debt,RealEstate); source-confirmed.",T2,manual,0.85,accepted
evidence_top250_power_registry_row_64_682bce0b94,registry,Top250 Power Registry,data/raw/top250_power_registry.csv,row 64,Registry lists 'John Rapisardi' as a Puerto Rico public-money actor (tiers B/C; flows Debt); source-confirmed.,T1,manual,0.95,accepted
evidence_top250_power_registry_row_126_d7621191e7,registry,Top250 Power Registry,data/raw/top250_power_registry.csv,row 126,"Registry lists 'Jorge Hernández' as a Puerto Rico public-money actor (tiers D; flows Contracts,Privatization); source-confirmed.",T2,manual,0.85,accepted
evidence_top250_power_registry_row_9_adb1a843ba,registry,Top250 Power Registry,data/raw/top250_power_registry.csv,row 9,Registry lists 'José B. Carrión III' as a Puerto Rico public-money actor (tiers A; flows Debt); source-confirmed.,T1,manual,0.95,accepted
evidence_top250_power_registry_row_11_adc4064349,registry,Top250 Power Registry,data/raw/top250_power_registry.csv,row 11,Registry lists 'José González' as a Puerto Rico public-money actor (tiers A; flows Debt); source-confirmed.,T1,manual,0.95,accepted
evidence_top250_power_registry_row_112_ba65ae5d3c,registry,Top250 Power Registry,data/raw/top250_power_registry.csv,row 112,"Registry lists 'José Ortiz' as a Puerto Rico public-money actor (tiers D; flows Reconstruction,Utilities); source-confirmed.",T1,manual,0.95,accepted
evidence_top250_power_registry_row_7_6e67b2dc10,registry,Top250 Power Registry,data/raw/top250_power_registry.csv,row 7,"Registry lists 'José R. Pérez-Riera' as a Puerto Rico public-money actor (tiers A; flows Contracts,Debt); source-confirmed.",T1,manual,0.95,accepted
evidence_top250_power_registry_row_111_b9bf9167b9,registry,Top250 Power Registry,data/raw/top250_power_registry.csv,row 111,"Registry lists 'Josue Colón' as a Puerto Rico public-money actor (tiers D; flows Reconstruction,Utilities); source-confirmed.",T1,manual,0.95,accepted
evidence_top250_power_registry_row_18_c840f4845d,registry,Top250 Power Registry,data/raw/top250_power_registry.csv,row 18,Registry lists 'Juan Sabater' as a Puerto Rico public-money actor (tiers A; flows Debt); source-confirmed.,T1,manual,0.95,accepted
evidence_top250_power_registry_row_118_841a65f36f,registry,Top250 Power Registry,data/raw/top250_power_registry.csv,row 118,Registry lists 'Juan Saca' as a Puerto Rico public-money actor (tiers D; flows Utilities); source-confirmed.,T1,manual,0.95,accepted
evidence_top250_power_registry_row_16_3b50ff0d55,registry,Top250 Power Registry,data/raw/top250_power_registry.csv,row 16,Registry lists 'Justin Peterson' as a Puerto Rico public-money actor (tiers A; flows Debt); source-confirmed.,T1,manual,0.95,accepted
evidence_top250_power_registry_row_87_2bdb1b6831,registry,Top250 Power Registry,data/raw/top250_power_registry.csv,row 87,Registry lists 'Laura Taylor Swain' as a Puerto Rico public-money actor (tiers C; flows Debt); source-confirmed.,T1,manual,0.95,accepted
evidence_top250_power_registry_row_57_6d49bfb5d5,registry,Top250 Power Registry,data/raw/top250_power_registry.csv,row 57,Registry lists 'Leon Cooperman' as a Puerto Rico public-money actor (tiers B; flows Debt); source-confirmed.,T2,manual,0.85,accepted
evidence_top250_power_registry_row_61_8be2bbb38b,registry,Top250 Power Registry,data/raw/top250_power_registry.csv,row 61,Registry lists 'Luc Despins' as a Puerto Rico public-money actor (tiers B/C; flows Debt); source-confirmed.,T2,manual,0.85,accepted
evidence_top250_power_registry_row_31_b19aaade5c,registry,Top250 Power Registry,data/raw/top250_power_registry.csv,row 31,Registry lists 'Luis Fortuño' as a Puerto Rico public-money actor (tiers A; flows Debt); source-confirmed.,T2,manual,0.85,accepted
evidence_top250_power_registry_row_19_d6dd98009c,registry,Top250 Power Registry,data/raw/top250_power_registry.csv,row 19,Registry lists 'Luis Ubiñas' as a Puerto Rico public-money actor (tiers A; flows Debt); source-confirmed.,T1,manual,0.95,accepted
evidence_top250_power_registry_row_146_f9eb8a130f,registry,Top250 Power Registry,data/raw/top250_power_registry.csv,row 146,"Registry lists 'Manuel Laboy' as a Puerto Rico public-money actor (tiers D; flows Contracts,Privatization); source-confirmed.",T2,manual,0.85,accepted
evidence_top250_power_registry_row_45_4c9bb9c4f8,registry,Top250 Power Registry,data/raw/top250_power_registry.csv,row 45,Registry lists 'Marc Lasry' as a Puerto Rico public-money actor (tiers B; flows Debt); source-confirmed.,T2,manual,0.85,accepted
evidence_top250_power_registry_row_38_6635dcf9d9,registry,Top250 Power Registry,data/raw/top250_power_registry.csv,row 38,Registry lists 'Mark Brodsky' as a Puerto Rico public-money actor (tiers B; flows Debt); source-confirmed.,T2,manual,0.85,accepted
evidence_top250_power_registry_row_66_269fe1d4fb,registry,Top250 Power Registry,data/raw/top250_power_registry.csv,row 66,Registry lists 'Martin Bienenstock' as a Puerto Rico public-money actor (tiers B/C; flows Debt); source-confirmed.,T1,manual,0.95,accepted
evidence_top250_power_registry_row_23_ca393ab966,registry,Top250 Power Registry,data/raw/top250_power_registry.csv,row 23,Registry lists 'Natalie Jaresko' as a Puerto Rico public-money actor (tiers A; flows Debt); source-confirmed.,T1,manual,0.95,accepted
evidence_top250_power_registry_row_213_c6daf431be,registry,Top250 Power Registry,data/raw/top250_power_registry.csv,row 213,"Registry lists 'Nicholas Prouty' as a Puerto Rico public-money actor (tiers F; flows Privatization,RealEstate); source-confirmed.",T2,manual,0.85,accepted
evidence_top250_power_registry_row_22_0395a54be5,registry,Top250 Power Registry,data/raw/top250_power_registry.csv,row 22,"Registry lists 'Omar Marrero' as a Puerto Rico public-money actor (tiers A; flows Contracts,Debt); source-confirmed.",T1,manual,0.95,accepted
evidence_top250_power_registry_row_46_c602288702,registry,Top250 Power Registry,data/raw/top250_power_registry.csv,row 46,Registry lists 'Paul Singer' as a Puerto Rico public-money actor (tiers B; flows Debt); source-confirmed.,T2,manual,0.85,accepted
evidence_top250_power_registry_row_29_2bf7b5304a,registry,Top250 Power Registry,data/raw/top250_power_registry.csv,row 29,"Registry lists 'Pedro Pierluisi' as a Puerto Rico public-money actor (tiers A; flows Debt,Reconstruction); source-confirmed.",T1,manual,0.95,accepted
evidence_top250_power_registry_row_65_e614478415,registry,Top250 Power Registry,data/raw/top250_power_registry.csv,row 65,Registry lists 'Peter Friedman' as a Puerto Rico public-money actor (tiers B/C; flows Debt); source-confirmed.,T1,manual,0.95,accepted
evidence_top250_power_registry_row_27_ed2e2e25c4,registry,Top250 Power Registry,data/raw/top250_power_registry.csv,row 27,"Registry lists 'Ricardo Rosselló' as a Puerto Rico public-money actor (tiers A; flows Debt,Privatization); source-confirmed.",T2,manual,0.85,accepted
evidence_top250_power_registry_row_4_3e9f38134f,registry,Top250 Power Registry,data/raw/top250_power_registry.csv,row 4,"Registry lists 'Robert Mujica' as a Puerto Rico public-money actor (tiers A; flows Debt,Fiscal); source-confirmed.",T1,manual,0.95,accepted
evidence_top250_power_registry_row_39_2428db31ee,registry,Top250 Power Registry,data/raw/top250_power_registry.csv,row 39,Registry lists 'Seth Klarman' as a Puerto Rico public-money actor (tiers B; flows Debt); source-confirmed.,T2,manual,0.85,accepted
evidence_top250_power_registry_row_36_85ab71108d,registry,Top250 Power Registry,data/raw/top250_power_registry.csv,row 36,Registry lists 'Steven Tananbaum' as a Puerto Rico public-money actor (tiers B; flows Debt); source-confirmed.,T2,manual,0.85,accepted
evidence_top250_power_registry_row_63_6c33601054,registry,Top250 Power Registry,data/raw/top250_power_registry.csv,row 63,Registry lists 'Susheel Kirpalani' as a Puerto Rico public-money actor (tiers B/C; flows Debt); source-confirmed.,T1,manual,0.95,accepted
evidence_top250_power_registry_row_28_b1081bacd0,registry,Top250 Power Registry,data/raw/top250_power_registry.csv,row 28,Registry lists 'Wanda Vázquez Garced' as a Puerto Rico public-money actor (tiers A; flows Debt); source-confirmed.,T2,manual,0.85,accepted
evidence_top250_power_registry_row_116_48df32e389,registry,Top250 Power Registry,data/raw/top250_power_registry.csv,row 116,Registry lists 'Wayne Stensby' as a Puerto Rico public-money actor (tiers D; flows Utilities); source-confirmed.,T1,manual,0.95,accepted
evidence_top250_power_registry_row_128_a6fbe4a16e,registry,Top250 Power Registry,data/raw/top250_power_registry.csv,row 128,"Registry lists 'Wes Edens' as a Puerto Rico public-money actor (tiers D; flows Contracts,Privatization); source-confirmed.",T2,manual,0.85,accepted
evidence_pr_public_money_institutions_reference_seed_row_2_cdd621ab22,registry,PR Public-Money Institutions (reference seed),data/reference/pr_public_money_entities.csv,row 2,'Commonwealth of Puerto Rico' is a Puerto Rico public-money institution (agency). General-obligation (GO) debt issuer and central government.,T1,manual,0.95,accepted
evidence_pr_public_money_institutions_reference_seed_row_3_765ce32212,registry,PR Public-Money Institutions (reference seed),data/reference/pr_public_money_entities.csv,row 3,'Financial Oversight and Management Board for Puerto Rico' is a Puerto Rico public-money institution (agency). PROMESA Title III fiscal oversight board.,T1,manual,0.95,accepted
evidence_pr_public_money_institutions_reference_seed_row_4_4999258db5,registry,PR Public-Money Institutions (reference seed),data/reference/pr_public_money_entities.csv,row 4,'Puerto Rico Fiscal Agency and Financial Advisory Authority' is a Puerto Rico public-money institution (agency). Fiscal agent and financial advisor to the government.,T1,manual,0.95,accepted
evidence_pr_public_money_institutions_reference_seed_row_5_e8dcc100ce,registry,PR Public-Money Institutions (reference seed),data/reference/pr_public_money_entities.csv,row 5,'Puerto Rico Public-Private Partnerships Authority' is a Puerto Rico public-money institution (agency). Authority that structures public-private partnership transactions.,T1,manual,0.95,accepted
evidence_pr_public_money_institutions_reference_seed_row_6_fa9dc9bc26,registry,PR Public-Money Institutions (reference seed),data/reference/pr_public_money_entities.csv,row 6,'Puerto Rico Electric Power Authority' is a Puerto Rico public-money institution (utility). Public electric power utility and debt issuer.,T1,manual,0.95,accepted
evidence_pr_public_money_institutions_reference_seed_row_7_3f420eda26,registry,PR Public-Money Institutions (reference seed),data/reference/pr_public_money_entities.csv,row 7,'Puerto Rico Aqueduct and Sewer Authority' is a Puerto Rico public-money institution (utility). Public water and sewer utility and debt issuer.,T1,manual,0.95,accepted
evidence_pr_public_money_institutions_reference_seed_row_8_e866cf617c,registry,PR Public-Money Institutions (reference seed),data/reference/pr_public_money_entities.csv,row 8,'Puerto Rico Highways and Transportation Authority' is a Puerto Rico public-money institution (agency). Highways and transportation authority and debt issuer.,T1,manual,0.95,accepted
evidence_pr_public_money_institutions_reference_seed_row_9_8cec77c4f5,registry,PR Public-Money Institutions (reference seed),data/reference/pr_public_money_entities.csv,row 9,'Puerto Rico Sales Tax Financing Corporation' is a Puerto Rico public-money institution (fund). Sales-tax-backed bond issuing corporation.,T1,manual,0.95,accepted
evidence_pr_public_money_institutions_reference_seed_row_10_666241559e,registry,PR Public-Money Institutions (reference seed),data/reference/pr_public_money_entities.csv,row 10,'Government Development Bank for Puerto Rico' is a Puerto Rico public-money institution (agency). Former fiscal agent and development bank.,T1,manual,0.95,accepted
evidence_pr_public_money_institutions_reference_seed_row_11_e64ed14b88,registry,PR Public-Money Institutions (reference seed),data/reference/pr_public_money_entities.csv,row 11,'Puerto Rico Department of Economic Development and Commerce' is a Puerto Rico public-money institution (agency). Economic development and commerce department.,T1,manual,0.95,accepted
evidence_pr_public_money_institutions_reference_seed_row_12_e5ca1c0b9b,registry,PR Public-Money Institutions (reference seed),data/reference/pr_public_money_entities.csv,row 12,'Puerto Rico Public Buildings Authority' is a Puerto Rico public-money institution (agency). Public buildings authority and debt issuer.,T1,manual,0.95,accepted
evidence_pr_public_money_institutions_reference_seed_row_13_37bbf4588e,registry,PR Public-Money Institutions (reference seed),data/reference/pr_public_money_entities.csv,row 13,'LUMA Energy' is a Puerto Rico public-money institution (firm). Private transmission and distribution operator under P3 concession.,T1,manual,0.95,accepted
evidence_pr_public_money_institutions_reference_seed_row_14_fa8a83e407,registry,PR Public-Money Institutions (reference seed),data/reference/pr_public_money_entities.csv,row 14,'Genera PR' is a Puerto Rico public-money institution (firm). Private power-generation operator under P3 concession.,T1,manual,0.95,accepted
evidence_pr_public_money_institutions_reference_seed_row_15_bdb6788136,registry,PR Public-Money Institutions (reference seed),data/reference/pr_public_money_entities.csv,row 15,'Autopistas Metropolitanas de Puerto Rico' is a Puerto Rico public-money institution (firm). Toll-road concessionaire on long-term HTA agreements.,T1,manual,0.95,accepted
evidence_pr_public_money_relationships_reference_seed_row_2_91c89662f2,web,PR Public-Money Relationships (reference seed),data/reference/canonical_v1_relationships_seed.csv,row 2,The central government of Puerto Rico has its administrative seat in San Juan.,T2,manual,0.85,accepted
evidence_pr_public_money_relationships_reference_seed_row_3_60c780b8cb,web,PR Public-Money Relationships (reference seed),data/reference/canonical_v1_relationships_seed.csv,row 3,AAFAF is headquartered in San Juan Puerto Rico.,T2,manual,0.85,accepted
evidence_pr_public_money_relationships_reference_seed_row_4_172d04768e,web,PR Public-Money Relationships (reference seed),data/reference/canonical_v1_relationships_seed.csv,row 4,The Puerto Rico P3 Authority is headquartered in San Juan Puerto Rico.,T2,manual,0.85,accepted
evidence_pr_public_money_relationships_reference_seed_row_5_e438a50fd7,web,PR Public-Money Relationships (reference seed),data/reference/canonical_v1_relationships_seed.csv,row 5,PREPA has its headquarters in San Juan Puerto Rico.,T2,manual,0.85,accepted
evidence_pr_public_money_relationships_reference_seed_row_6_b5b42d9802,web,PR Public-Money Relationships (reference seed),data/reference/canonical_v1_relationships_seed.csv,row 6,PRASA has its headquarters in San Juan Puerto Rico.,T2,manual,0.85,accepted
evidence_pr_public_money_relationships_reference_seed_row_7_602998c647,web,PR Public-Money Relationships (reference seed),data/reference/canonical_v1_relationships_seed.csv,row 7,The Highways and Transportation Authority is headquartered in San Juan Puerto Rico.,T2,manual,0.85,accepted
evidence_pr_public_money_relationships_reference_seed_row_8_6762144a20,web,PR Public-Money Relationships (reference seed),data/reference/canonical_v1_relationships_seed.csv,row 8,COFINA is domiciled in San Juan Puerto Rico.,T2,manual,0.85,accepted
evidence_pr_public_money_relationships_reference_seed_row_9_efbcbfae83,web,PR Public-Money Relationships (reference seed),data/reference/canonical_v1_relationships_seed.csv,row 9,The Government Development Bank is headquartered in San Juan Puerto Rico.,T2,manual,0.85,accepted
evidence_pr_public_money_relationships_reference_seed_row_10_30c5f9634d,web,PR Public-Money Relationships (reference seed),data/reference/canonical_v1_relationships_seed.csv,row 10,The Department of Economic Development and Commerce is headquartered in San Juan Puerto Rico.,T2,manual,0.85,accepted
evidence_pr_public_money_relationships_reference_seed_row_11_9f75240f24,web,PR Public-Money Relationships (reference seed),data/reference/canonical_v1_relationships_seed.csv,row 11,The Public Buildings Authority is headquartered in San Juan Puerto Rico.,T2,manual,0.85,accepted
