priority,source_family,expected_input,required_file_type,accepted_filename_patterns,required_columns,target_dropzone_path,target_output_path,validation_command,source_url_or_portal,manual_export_steps,producer_script,required_env_vars,retry_status,failure_reason,next_action,forbidden_artifact_usage
1,usaspending_federal_awards_backbone,data/staging/processed/pr_contracts_master.csv,csv,pr_contracts_master.csv|pr_contracts_master*.csv|*.csv,contract_id|vendor_name|agency_name|award_date|obligated_amount|pop_state|source_file|fiscal_year,data/manual_import_dropzone/r4_8e/usaspending_federal_awards_backbone/pr_contracts_master.csv,data/staging/processed/pr_contracts_master.csv,"python -c ""import pandas as pd; from pathlib import Path; p=Path('data/staging/processed/pr_contracts_master.csv'); assert p.exists(), 'missing output'; df=pd.read_csv(p,dtype=str,low_memory=False); assert len(df)>0, 'empty output'; req='contract_id,vendor_name,agency_name,award_date,obligated_amount,pop_state,source_file,fiscal_year'.split(',') if 'contract_id,vendor_name,agency_name,award_date,obligated_amount,pop_state,source_file,fiscal_year' else []; missing=[c for c in req if c and c not in df.columns]; assert not missing, f'missing columns: {missing}'; print('rows',len(df))""",https://api.usaspending.gov,"1) Open source portal: https://api.usaspending.gov
2) Confirm no secrets are embedded in exported files.
3) Export the source dataset for Puerto Rico scope and preserve raw columns.
4) Save exported file to dropzone path: data/manual_import_dropzone/r4_8e/usaspending_federal_awards_backbone/pr_contracts_master.csv
5) Validate staged file with: python -c ""import pandas as pd; from pathlib import Path; p=Path('data/staging/processed/pr_contracts_master.csv'); assert p.exists(), 'missing output'; df=pd.read_csv(p,dtype=str,low_memory=False); assert len(df)>0, 'empty output'; req='contract_id,vendor_name,agency_name,award_date,obligated_amount,pop_state,source_file,fiscal_year'.split(',') if 'contract_id,vendor_name,agency_name,award_date,obligated_amount,pop_state,source_file,fiscal_year' else []; missing=[c for c in req if c and c not in df.columns]; assert not missing, f'missing columns: {missing}'; print('rows',len(df))""
6) If validation fails, queue remediation with source family 'usaspending_federal_awards_backbone' and producer 'scripts/deduplicate_master.py'.",scripts/deduplicate_master.py,,failed_no_data,target output has zero rows,require_manual_file,False
2,usaspending_federal_awards_backbone,data/staging/processed/pr_grants_master.csv,csv,pr_grants_master.csv|pr_grants_master*.csv|*.csv,award_id|recipient_name|recipient_name_normalized|recipient_uei|awarding_agency|awarding_sub_agency|obligated_amount|award_date|fiscal_year|pop_state|pop_county|description|source_file|source_dataset|award_category|source_system|source_record_id|source_lineage_path|source_lineage_mode,data/manual_import_dropzone/r4_8e/usaspending_federal_awards_backbone/pr_grants_master.csv,data/staging/processed/pr_grants_master.csv,"python -c ""import pandas as pd; from pathlib import Path; p=Path('data/staging/processed/pr_grants_master.csv'); assert p.exists(), 'missing output'; df=pd.read_csv(p,dtype=str,low_memory=False); assert len(df)>0, 'empty output'; req='award_id,recipient_name,recipient_name_normalized,recipient_uei,awarding_agency,awarding_sub_agency,obligated_amount,award_date,fiscal_year,pop_state,pop_county,description,source_file,source_dataset,award_category,source_system,source_record_id,source_lineage_path,source_lineage_mode'.split(',') if 'award_id,recipient_name,recipient_name_normalized,recipient_uei,awarding_agency,awarding_sub_agency,obligated_amount,award_date,fiscal_year,pop_state,pop_county,description,source_file,source_dataset,award_category,source_system,source_record_id,source_lineage_path,source_lineage_mode' else []; missing=[c for c in req if c and c not in df.columns]; assert not missing, f'missing columns: {missing}'; print('rows',len(df))""",https://api.usaspending.gov,"1) Open source portal: https://api.usaspending.gov
2) Confirm no secrets are embedded in exported files.
3) Export the source dataset for Puerto Rico scope and preserve raw columns.
4) Save exported file to dropzone path: data/manual_import_dropzone/r4_8e/usaspending_federal_awards_backbone/pr_grants_master.csv
5) Validate staged file with: python -c ""import pandas as pd; from pathlib import Path; p=Path('data/staging/processed/pr_grants_master.csv'); assert p.exists(), 'missing output'; df=pd.read_csv(p,dtype=str,low_memory=False); assert len(df)>0, 'empty output'; req='award_id,recipient_name,recipient_name_normalized,recipient_uei,awarding_agency,awarding_sub_agency,obligated_amount,award_date,fiscal_year,pop_state,pop_county,description,source_file,source_dataset,award_category,source_system,source_record_id,source_lineage_path,source_lineage_mode'.split(',') if 'award_id,recipient_name,recipient_name_normalized,recipient_uei,awarding_agency,awarding_sub_agency,obligated_amount,award_date,fiscal_year,pop_state,pop_county,description,source_file,source_dataset,award_category,source_system,source_record_id,source_lineage_path,source_lineage_mode' else []; missing=[c for c in req if c and c not in df.columns]; assert not missing, f'missing columns: {missing}'; print('rows',len(df))""
6) If validation fails, queue remediation with source family 'usaspending_federal_awards_backbone' and producer 'scripts/download_grants.py'.",scripts/download_grants.py,,not_retried_endpoint_unavailable,endpoint unavailable source left queued,require_manual_file,False
3,fsrs_subawards,data/staging/processed/pr_subawards_master.csv,csv,pr_subawards_master.csv|pr_subawards_master*.csv|*.csv,award_id|recipient_name|recipient_name_normalized|recipient_uei|awarding_agency|awarding_sub_agency|obligated_amount|award_date|fiscal_year|pop_state|pop_county|description|source_file|source_dataset|award_category|source_system|source_record_id|source_lineage_path|source_lineage_mode,data/manual_import_dropzone/r4_8e/fsrs_subawards/pr_subawards_master.csv,data/staging/processed/pr_subawards_master.csv,"python -c ""import pandas as pd; from pathlib import Path; p=Path('data/staging/processed/pr_subawards_master.csv'); assert p.exists(), 'missing output'; df=pd.read_csv(p,dtype=str,low_memory=False); assert len(df)>0, 'empty output'; req='award_id,recipient_name,recipient_name_normalized,recipient_uei,awarding_agency,awarding_sub_agency,obligated_amount,award_date,fiscal_year,pop_state,pop_county,description,source_file,source_dataset,award_category,source_system,source_record_id,source_lineage_path,source_lineage_mode'.split(',') if 'award_id,recipient_name,recipient_name_normalized,recipient_uei,awarding_agency,awarding_sub_agency,obligated_amount,award_date,fiscal_year,pop_state,pop_county,description,source_file,source_dataset,award_category,source_system,source_record_id,source_lineage_path,source_lineage_mode' else []; missing=[c for c in req if c and c not in df.columns]; assert not missing, f'missing columns: {missing}'; print('rows',len(df))""",https://www.fsrs.gov,"1) Open source portal: https://www.fsrs.gov
2) Confirm no secrets are embedded in exported files.
3) Export the source dataset for Puerto Rico scope and preserve raw columns.
4) Save exported file to dropzone path: data/manual_import_dropzone/r4_8e/fsrs_subawards/pr_subawards_master.csv
5) Validate staged file with: python -c ""import pandas as pd; from pathlib import Path; p=Path('data/staging/processed/pr_subawards_master.csv'); assert p.exists(), 'missing output'; df=pd.read_csv(p,dtype=str,low_memory=False); assert len(df)>0, 'empty output'; req='award_id,recipient_name,recipient_name_normalized,recipient_uei,awarding_agency,awarding_sub_agency,obligated_amount,award_date,fiscal_year,pop_state,pop_county,description,source_file,source_dataset,award_category,source_system,source_record_id,source_lineage_path,source_lineage_mode'.split(',') if 'award_id,recipient_name,recipient_name_normalized,recipient_uei,awarding_agency,awarding_sub_agency,obligated_amount,award_date,fiscal_year,pop_state,pop_county,description,source_file,source_dataset,award_category,source_system,source_record_id,source_lineage_path,source_lineage_mode' else []; missing=[c for c in req if c and c not in df.columns]; assert not missing, f'missing columns: {missing}'; print('rows',len(df))""
6) If validation fails, queue remediation with source family 'fsrs_subawards' and producer 'scripts/download_subawards.py'.",scripts/download_subawards.py,,failed_command,"2026-05-08 17:09:33 [INFO] Starting PR subawards download... 2026-05-08 17:09:33 [INFO] [Window 2000f2009] 2007-10-01 to 2009-09-30 2026-05-08 17:09:33 [INFO] Fetching subawards_grants_2000f2009.csv (2007-10-01 to 2009-09-30, type=grants) 2",require_manual_file,False
4,fema_pa_hmgp,data/staging/processed/pr_fema_pa_master.csv,csv,pr_fema_pa_master.csv|pr_fema_pa_master*.csv|*.csv,award_id|recipient_name|recipient_name_normalized|recipient_uei|awarding_agency|awarding_sub_agency|obligated_amount|award_date|fiscal_year|pop_state|pop_county|description|source_file|source_dataset|award_category|source_system|source_record_id|source_lineage_path|source_lineage_mode,data/manual_import_dropzone/r4_8e/fema_pa_hmgp/pr_fema_pa_master.csv,data/staging/processed/pr_fema_pa_master.csv,"python -c ""import pandas as pd; from pathlib import Path; p=Path('data/staging/processed/pr_fema_pa_master.csv'); assert p.exists(), 'missing output'; df=pd.read_csv(p,dtype=str,low_memory=False); assert len(df)>0, 'empty output'; req='award_id,recipient_name,recipient_name_normalized,recipient_uei,awarding_agency,awarding_sub_agency,obligated_amount,award_date,fiscal_year,pop_state,pop_county,description,source_file,source_dataset,award_category,source_system,source_record_id,source_lineage_path,source_lineage_mode'.split(',') if 'award_id,recipient_name,recipient_name_normalized,recipient_uei,awarding_agency,awarding_sub_agency,obligated_amount,award_date,fiscal_year,pop_state,pop_county,description,source_file,source_dataset,award_category,source_system,source_record_id,source_lineage_path,source_lineage_mode' else []; missing=[c for c in req if c and c not in df.columns]; assert not missing, f'missing columns: {missing}'; print('rows',len(df))""",https://www.fema.gov/openfema,"1) Open source portal: https://www.fema.gov/openfema
2) Confirm no secrets are embedded in exported files.
3) Export the source dataset for Puerto Rico scope and preserve raw columns.
4) Save exported file to dropzone path: data/manual_import_dropzone/r4_8e/fema_pa_hmgp/pr_fema_pa_master.csv
5) Validate staged file with: python -c ""import pandas as pd; from pathlib import Path; p=Path('data/staging/processed/pr_fema_pa_master.csv'); assert p.exists(), 'missing output'; df=pd.read_csv(p,dtype=str,low_memory=False); assert len(df)>0, 'empty output'; req='award_id,recipient_name,recipient_name_normalized,recipient_uei,awarding_agency,awarding_sub_agency,obligated_amount,award_date,fiscal_year,pop_state,pop_county,description,source_file,source_dataset,award_category,source_system,source_record_id,source_lineage_path,source_lineage_mode'.split(',') if 'award_id,recipient_name,recipient_name_normalized,recipient_uei,awarding_agency,awarding_sub_agency,obligated_amount,award_date,fiscal_year,pop_state,pop_county,description,source_file,source_dataset,award_category,source_system,source_record_id,source_lineage_path,source_lineage_mode' else []; missing=[c for c in req if c and c not in df.columns]; assert not missing, f'missing columns: {missing}'; print('rows',len(df))""
6) If validation fails, queue remediation with source family 'fema_pa_hmgp' and producer 'scripts/download_fema.py'.",scripts/download_fema.py,,not_retried_endpoint_unavailable,endpoint unavailable source left queued,require_manual_file,False
5,fema_pa_hmgp,data/staging/processed/pr_fema_hmgp_master.csv,csv,pr_fema_hmgp_master.csv|pr_fema_hmgp_master*.csv|*.csv,award_id|recipient_name|recipient_name_normalized|recipient_uei|awarding_agency|awarding_sub_agency|obligated_amount|award_date|fiscal_year|pop_state|pop_county|description|source_file|source_dataset|award_category|source_system|source_record_id|source_lineage_path|source_lineage_mode,data/manual_import_dropzone/r4_8e/fema_pa_hmgp/pr_fema_hmgp_master.csv,data/staging/processed/pr_fema_hmgp_master.csv,"python -c ""import pandas as pd; from pathlib import Path; p=Path('data/staging/processed/pr_fema_hmgp_master.csv'); assert p.exists(), 'missing output'; df=pd.read_csv(p,dtype=str,low_memory=False); assert len(df)>0, 'empty output'; req='award_id,recipient_name,recipient_name_normalized,recipient_uei,awarding_agency,awarding_sub_agency,obligated_amount,award_date,fiscal_year,pop_state,pop_county,description,source_file,source_dataset,award_category,source_system,source_record_id,source_lineage_path,source_lineage_mode'.split(',') if 'award_id,recipient_name,recipient_name_normalized,recipient_uei,awarding_agency,awarding_sub_agency,obligated_amount,award_date,fiscal_year,pop_state,pop_county,description,source_file,source_dataset,award_category,source_system,source_record_id,source_lineage_path,source_lineage_mode' else []; missing=[c for c in req if c and c not in df.columns]; assert not missing, f'missing columns: {missing}'; print('rows',len(df))""",https://www.fema.gov/openfema,"1) Open source portal: https://www.fema.gov/openfema
2) Confirm no secrets are embedded in exported files.
3) Export the source dataset for Puerto Rico scope and preserve raw columns.
4) Save exported file to dropzone path: data/manual_import_dropzone/r4_8e/fema_pa_hmgp/pr_fema_hmgp_master.csv
5) Validate staged file with: python -c ""import pandas as pd; from pathlib import Path; p=Path('data/staging/processed/pr_fema_hmgp_master.csv'); assert p.exists(), 'missing output'; df=pd.read_csv(p,dtype=str,low_memory=False); assert len(df)>0, 'empty output'; req='award_id,recipient_name,recipient_name_normalized,recipient_uei,awarding_agency,awarding_sub_agency,obligated_amount,award_date,fiscal_year,pop_state,pop_county,description,source_file,source_dataset,award_category,source_system,source_record_id,source_lineage_path,source_lineage_mode'.split(',') if 'award_id,recipient_name,recipient_name_normalized,recipient_uei,awarding_agency,awarding_sub_agency,obligated_amount,award_date,fiscal_year,pop_state,pop_county,description,source_file,source_dataset,award_category,source_system,source_record_id,source_lineage_path,source_lineage_mode' else []; missing=[c for c in req if c and c not in df.columns]; assert not missing, f'missing columns: {missing}'; print('rows',len(df))""
6) If validation fails, queue remediation with source family 'fema_pa_hmgp' and producer 'scripts/download_fema.py'.",scripts/download_fema.py,,not_retried_endpoint_unavailable,endpoint unavailable source left queued,require_manual_file,False
6,federal_research,data/staging/processed/pr_research_master.csv,csv,pr_research_master.csv|pr_research_master*.csv|*.csv,award_id|recipient_name|recipient_name_normalized|recipient_uei|awarding_agency|awarding_sub_agency|obligated_amount|award_date|fiscal_year|pop_state|pop_county|description|source_file|source_dataset|award_category|source_system|source_record_id|source_lineage_path|source_lineage_mode,data/manual_import_dropzone/r4_8e/federal_research/pr_research_master.csv,data/staging/processed/pr_research_master.csv,"python -c ""import pandas as pd; from pathlib import Path; p=Path('data/staging/processed/pr_research_master.csv'); assert p.exists(), 'missing output'; df=pd.read_csv(p,dtype=str,low_memory=False); assert len(df)>0, 'empty output'; req='award_id,recipient_name,recipient_name_normalized,recipient_uei,awarding_agency,awarding_sub_agency,obligated_amount,award_date,fiscal_year,pop_state,pop_county,description,source_file,source_dataset,award_category,source_system,source_record_id,source_lineage_path,source_lineage_mode'.split(',') if 'award_id,recipient_name,recipient_name_normalized,recipient_uei,awarding_agency,awarding_sub_agency,obligated_amount,award_date,fiscal_year,pop_state,pop_county,description,source_file,source_dataset,award_category,source_system,source_record_id,source_lineage_path,source_lineage_mode' else []; missing=[c for c in req if c and c not in df.columns]; assert not missing, f'missing columns: {missing}'; print('rows',len(df))""",https://www.nsf.gov/awardsearch/,"1) Open source portal: https://www.nsf.gov/awardsearch/
2) Confirm no secrets are embedded in exported files.
3) Export the source dataset for Puerto Rico scope and preserve raw columns.
4) Save exported file to dropzone path: data/manual_import_dropzone/r4_8e/federal_research/pr_research_master.csv
5) Validate staged file with: python -c ""import pandas as pd; from pathlib import Path; p=Path('data/staging/processed/pr_research_master.csv'); assert p.exists(), 'missing output'; df=pd.read_csv(p,dtype=str,low_memory=False); assert len(df)>0, 'empty output'; req='award_id,recipient_name,recipient_name_normalized,recipient_uei,awarding_agency,awarding_sub_agency,obligated_amount,award_date,fiscal_year,pop_state,pop_county,description,source_file,source_dataset,award_category,source_system,source_record_id,source_lineage_path,source_lineage_mode'.split(',') if 'award_id,recipient_name,recipient_name_normalized,recipient_uei,awarding_agency,awarding_sub_agency,obligated_amount,award_date,fiscal_year,pop_state,pop_county,description,source_file,source_dataset,award_category,source_system,source_record_id,source_lineage_path,source_lineage_mode' else []; missing=[c for c in req if c and c not in df.columns]; assert not missing, f'missing columns: {missing}'; print('rows',len(df))""
6) If validation fails, queue remediation with source family 'federal_research' and producer 'scripts/download_research.py'.",scripts/download_research.py,,not_retried_endpoint_unavailable,endpoint unavailable source left queued,require_manual_file,False
7,sba_loans,data/staging/processed/pr_sba_loans_master.csv,csv,pr_sba_loans_master.csv|pr_sba_loans_master*.csv|*.csv,award_id|recipient_name|recipient_name_normalized|recipient_uei|awarding_agency|awarding_sub_agency|obligated_amount|award_date|fiscal_year|pop_state|pop_county|description|source_file|source_dataset|award_category|source_system|source_record_id|source_lineage_path|source_lineage_mode,data/manual_import_dropzone/r4_8e/sba_loans/pr_sba_loans_master.csv,data/staging/processed/pr_sba_loans_master.csv,"python -c ""import pandas as pd; from pathlib import Path; p=Path('data/staging/processed/pr_sba_loans_master.csv'); assert p.exists(), 'missing output'; df=pd.read_csv(p,dtype=str,low_memory=False); assert len(df)>0, 'empty output'; req='award_id,recipient_name,recipient_name_normalized,recipient_uei,awarding_agency,awarding_sub_agency,obligated_amount,award_date,fiscal_year,pop_state,pop_county,description,source_file,source_dataset,award_category,source_system,source_record_id,source_lineage_path,source_lineage_mode'.split(',') if 'award_id,recipient_name,recipient_name_normalized,recipient_uei,awarding_agency,awarding_sub_agency,obligated_amount,award_date,fiscal_year,pop_state,pop_county,description,source_file,source_dataset,award_category,source_system,source_record_id,source_lineage_path,source_lineage_mode' else []; missing=[c for c in req if c and c not in df.columns]; assert not missing, f'missing columns: {missing}'; print('rows',len(df))""",https://www.sba.gov,"1) Open source portal: https://www.sba.gov
2) Confirm no secrets are embedded in exported files.
3) Export the source dataset for Puerto Rico scope and preserve raw columns.
4) Save exported file to dropzone path: data/manual_import_dropzone/r4_8e/sba_loans/pr_sba_loans_master.csv
5) Validate staged file with: python -c ""import pandas as pd; from pathlib import Path; p=Path('data/staging/processed/pr_sba_loans_master.csv'); assert p.exists(), 'missing output'; df=pd.read_csv(p,dtype=str,low_memory=False); assert len(df)>0, 'empty output'; req='award_id,recipient_name,recipient_name_normalized,recipient_uei,awarding_agency,awarding_sub_agency,obligated_amount,award_date,fiscal_year,pop_state,pop_county,description,source_file,source_dataset,award_category,source_system,source_record_id,source_lineage_path,source_lineage_mode'.split(',') if 'award_id,recipient_name,recipient_name_normalized,recipient_uei,awarding_agency,awarding_sub_agency,obligated_amount,award_date,fiscal_year,pop_state,pop_county,description,source_file,source_dataset,award_category,source_system,source_record_id,source_lineage_path,source_lineage_mode' else []; missing=[c for c in req if c and c not in df.columns]; assert not missing, f'missing columns: {missing}'; print('rows',len(df))""
6) If validation fails, queue remediation with source family 'sba_loans' and producer 'scripts/download_sba.py'.",scripts/download_sba.py,,failed_no_data,target output has zero rows,require_manual_file,False
9,hud_cdbg,data/staging/processed/pr_cdbg_dr_master.csv,csv,pr_cdbg_dr_master.csv|pr_cdbg_dr_master*.csv|*.csv,award_id|recipient_name|recipient_name_normalized|recipient_uei|awarding_agency|awarding_sub_agency|obligated_amount|award_date|fiscal_year|pop_state|pop_county|description|source_file|source_dataset|award_category|source_system|source_record_id|source_lineage_path|source_lineage_mode,data/manual_import_dropzone/r4_8e/hud_cdbg/pr_cdbg_dr_master.csv,data/staging/processed/pr_cdbg_dr_master.csv,"python -c ""import pandas as pd; from pathlib import Path; p=Path('data/staging/processed/pr_cdbg_dr_master.csv'); assert p.exists(), 'missing output'; df=pd.read_csv(p,dtype=str,low_memory=False); assert len(df)>0, 'empty output'; req='award_id,recipient_name,recipient_name_normalized,recipient_uei,awarding_agency,awarding_sub_agency,obligated_amount,award_date,fiscal_year,pop_state,pop_county,description,source_file,source_dataset,award_category,source_system,source_record_id,source_lineage_path,source_lineage_mode'.split(',') if 'award_id,recipient_name,recipient_name_normalized,recipient_uei,awarding_agency,awarding_sub_agency,obligated_amount,award_date,fiscal_year,pop_state,pop_county,description,source_file,source_dataset,award_category,source_system,source_record_id,source_lineage_path,source_lineage_mode' else []; missing=[c for c in req if c and c not in df.columns]; assert not missing, f'missing columns: {missing}'; print('rows',len(df))""",https://www.hudexchange.info,"1) Open source portal: https://www.hudexchange.info
2) Confirm no secrets are embedded in exported files.
3) Export the source dataset for Puerto Rico scope and preserve raw columns.
4) Save exported file to dropzone path: data/manual_import_dropzone/r4_8e/hud_cdbg/pr_cdbg_dr_master.csv
5) Validate staged file with: python -c ""import pandas as pd; from pathlib import Path; p=Path('data/staging/processed/pr_cdbg_dr_master.csv'); assert p.exists(), 'missing output'; df=pd.read_csv(p,dtype=str,low_memory=False); assert len(df)>0, 'empty output'; req='award_id,recipient_name,recipient_name_normalized,recipient_uei,awarding_agency,awarding_sub_agency,obligated_amount,award_date,fiscal_year,pop_state,pop_county,description,source_file,source_dataset,award_category,source_system,source_record_id,source_lineage_path,source_lineage_mode'.split(',') if 'award_id,recipient_name,recipient_name_normalized,recipient_uei,awarding_agency,awarding_sub_agency,obligated_amount,award_date,fiscal_year,pop_state,pop_county,description,source_file,source_dataset,award_category,source_system,source_record_id,source_lineage_path,source_lineage_mode' else []; missing=[c for c in req if c and c not in df.columns]; assert not missing, f'missing columns: {missing}'; print('rows',len(df))""
6) If validation fails, queue remediation with source family 'hud_cdbg' and producer 'scripts/download_cdbg_dr.py'.",scripts/download_cdbg_dr.py,,not_retried_endpoint_unavailable,endpoint unavailable source left queued,require_manual_file,False
11,federal_sectoral_usda,data/staging/processed/pr_usda_master.csv,csv,pr_usda_master.csv|pr_usda_master*.csv|*.csv,award_id|recipient_name|recipient_name_normalized|recipient_uei|awarding_agency|awarding_sub_agency|obligated_amount|award_date|fiscal_year|pop_state|pop_county|description|source_file|source_dataset|award_category|source_system|source_record_id|source_lineage_path|source_lineage_mode,data/manual_import_dropzone/r4_8e/federal_sectoral_usda/pr_usda_master.csv,data/staging/processed/pr_usda_master.csv,"python -c ""import pandas as pd; from pathlib import Path; p=Path('data/staging/processed/pr_usda_master.csv'); assert p.exists(), 'missing output'; df=pd.read_csv(p,dtype=str,low_memory=False); assert len(df)>0, 'empty output'; req='award_id,recipient_name,recipient_name_normalized,recipient_uei,awarding_agency,awarding_sub_agency,obligated_amount,award_date,fiscal_year,pop_state,pop_county,description,source_file,source_dataset,award_category,source_system,source_record_id,source_lineage_path,source_lineage_mode'.split(',') if 'award_id,recipient_name,recipient_name_normalized,recipient_uei,awarding_agency,awarding_sub_agency,obligated_amount,award_date,fiscal_year,pop_state,pop_county,description,source_file,source_dataset,award_category,source_system,source_record_id,source_lineage_path,source_lineage_mode' else []; missing=[c for c in req if c and c not in df.columns]; assert not missing, f'missing columns: {missing}'; print('rows',len(df))""",https://www.usda.gov,"1) Open source portal: https://www.usda.gov
2) Confirm no secrets are embedded in exported files.
3) Export the source dataset for Puerto Rico scope and preserve raw columns.
4) Save exported file to dropzone path: data/manual_import_dropzone/r4_8e/federal_sectoral_usda/pr_usda_master.csv
5) Validate staged file with: python -c ""import pandas as pd; from pathlib import Path; p=Path('data/staging/processed/pr_usda_master.csv'); assert p.exists(), 'missing output'; df=pd.read_csv(p,dtype=str,low_memory=False); assert len(df)>0, 'empty output'; req='award_id,recipient_name,recipient_name_normalized,recipient_uei,awarding_agency,awarding_sub_agency,obligated_amount,award_date,fiscal_year,pop_state,pop_county,description,source_file,source_dataset,award_category,source_system,source_record_id,source_lineage_path,source_lineage_mode'.split(',') if 'award_id,recipient_name,recipient_name_normalized,recipient_uei,awarding_agency,awarding_sub_agency,obligated_amount,award_date,fiscal_year,pop_state,pop_county,description,source_file,source_dataset,award_category,source_system,source_record_id,source_lineage_path,source_lineage_mode' else []; missing=[c for c in req if c and c not in df.columns]; assert not missing, f'missing columns: {missing}'; print('rows',len(df))""
6) If validation fails, queue remediation with source family 'federal_sectoral_usda' and producer 'scripts/download_usda.py'.",scripts/download_usda.py,,failed_command,2026-05-08 17:10:25 [INFO] Starting USDA grants/loans download for Puerto Rico... 2026-05-08 17:10:25 [INFO] [Window 2000f2009] 2007-10-01 to 2009-09-30 2026-05-08 17:10:25 [INFO] Fetching usda_grants_pop_2000f2009.csv (2007-10-01 → 2009-09,require_manual_file,False
14,federal_sectoral_sbir,data/staging/processed/pr_sbir_master.csv,csv,pr_sbir_master.csv|pr_sbir_master*.csv|*.csv,award_id|recipient_name|recipient_name_normalized|recipient_uei|awarding_agency|awarding_sub_agency|obligated_amount|award_date|fiscal_year|pop_state|pop_county|description|source_file|source_dataset|award_category|source_system|source_record_id|source_lineage_path|source_lineage_mode,data/manual_import_dropzone/r4_8e/federal_sectoral_sbir/pr_sbir_master.csv,data/staging/processed/pr_sbir_master.csv,"python -c ""import pandas as pd; from pathlib import Path; p=Path('data/staging/processed/pr_sbir_master.csv'); assert p.exists(), 'missing output'; df=pd.read_csv(p,dtype=str,low_memory=False); assert len(df)>0, 'empty output'; req='award_id,recipient_name,recipient_name_normalized,recipient_uei,awarding_agency,awarding_sub_agency,obligated_amount,award_date,fiscal_year,pop_state,pop_county,description,source_file,source_dataset,award_category,source_system,source_record_id,source_lineage_path,source_lineage_mode'.split(',') if 'award_id,recipient_name,recipient_name_normalized,recipient_uei,awarding_agency,awarding_sub_agency,obligated_amount,award_date,fiscal_year,pop_state,pop_county,description,source_file,source_dataset,award_category,source_system,source_record_id,source_lineage_path,source_lineage_mode' else []; missing=[c for c in req if c and c not in df.columns]; assert not missing, f'missing columns: {missing}'; print('rows',len(df))""",https://www.sbir.gov,"1) Open source portal: https://www.sbir.gov
2) Confirm no secrets are embedded in exported files.
3) Export the source dataset for Puerto Rico scope and preserve raw columns.
4) Save exported file to dropzone path: data/manual_import_dropzone/r4_8e/federal_sectoral_sbir/pr_sbir_master.csv
5) Validate staged file with: python -c ""import pandas as pd; from pathlib import Path; p=Path('data/staging/processed/pr_sbir_master.csv'); assert p.exists(), 'missing output'; df=pd.read_csv(p,dtype=str,low_memory=False); assert len(df)>0, 'empty output'; req='award_id,recipient_name,recipient_name_normalized,recipient_uei,awarding_agency,awarding_sub_agency,obligated_amount,award_date,fiscal_year,pop_state,pop_county,description,source_file,source_dataset,award_category,source_system,source_record_id,source_lineage_path,source_lineage_mode'.split(',') if 'award_id,recipient_name,recipient_name_normalized,recipient_uei,awarding_agency,awarding_sub_agency,obligated_amount,award_date,fiscal_year,pop_state,pop_county,description,source_file,source_dataset,award_category,source_system,source_record_id,source_lineage_path,source_lineage_mode' else []; missing=[c for c in req if c and c not in df.columns]; assert not missing, f'missing columns: {missing}'; print('rows',len(df))""
6) If validation fails, queue remediation with source family 'federal_sectoral_sbir' and producer 'scripts/download_sbir.py'.",scripts/download_sbir.py,,failed_no_data,target output has zero rows,require_manual_file,False
16,federal_sectoral_usace,data/staging/processed/pr_usace_civil_master.csv,csv,pr_usace_civil_master.csv|pr_usace_civil_master*.csv|*.csv,award_id|recipient_name|recipient_name_normalized|recipient_uei|awarding_agency|awarding_sub_agency|obligated_amount|award_date|fiscal_year|pop_state|pop_county|description|source_file|source_dataset|award_category|source_system|source_record_id|source_lineage_path|source_lineage_mode,data/manual_import_dropzone/r4_8e/federal_sectoral_usace/pr_usace_civil_master.csv,data/staging/processed/pr_usace_civil_master.csv,"python -c ""import pandas as pd; from pathlib import Path; p=Path('data/staging/processed/pr_usace_civil_master.csv'); assert p.exists(), 'missing output'; df=pd.read_csv(p,dtype=str,low_memory=False); assert len(df)>0, 'empty output'; req='award_id,recipient_name,recipient_name_normalized,recipient_uei,awarding_agency,awarding_sub_agency,obligated_amount,award_date,fiscal_year,pop_state,pop_county,description,source_file,source_dataset,award_category,source_system,source_record_id,source_lineage_path,source_lineage_mode'.split(',') if 'award_id,recipient_name,recipient_name_normalized,recipient_uei,awarding_agency,awarding_sub_agency,obligated_amount,award_date,fiscal_year,pop_state,pop_county,description,source_file,source_dataset,award_category,source_system,source_record_id,source_lineage_path,source_lineage_mode' else []; missing=[c for c in req if c and c not in df.columns]; assert not missing, f'missing columns: {missing}'; print('rows',len(df))""",https://www.usace.army.mil,"1) Open source portal: https://www.usace.army.mil
2) Confirm no secrets are embedded in exported files.
3) Export the source dataset for Puerto Rico scope and preserve raw columns.
4) Save exported file to dropzone path: data/manual_import_dropzone/r4_8e/federal_sectoral_usace/pr_usace_civil_master.csv
5) Validate staged file with: python -c ""import pandas as pd; from pathlib import Path; p=Path('data/staging/processed/pr_usace_civil_master.csv'); assert p.exists(), 'missing output'; df=pd.read_csv(p,dtype=str,low_memory=False); assert len(df)>0, 'empty output'; req='award_id,recipient_name,recipient_name_normalized,recipient_uei,awarding_agency,awarding_sub_agency,obligated_amount,award_date,fiscal_year,pop_state,pop_county,description,source_file,source_dataset,award_category,source_system,source_record_id,source_lineage_path,source_lineage_mode'.split(',') if 'award_id,recipient_name,recipient_name_normalized,recipient_uei,awarding_agency,awarding_sub_agency,obligated_amount,award_date,fiscal_year,pop_state,pop_county,description,source_file,source_dataset,award_category,source_system,source_record_id,source_lineage_path,source_lineage_mode' else []; missing=[c for c in req if c and c not in df.columns]; assert not missing, f'missing columns: {missing}'; print('rows',len(df))""
6) If validation fails, queue remediation with source family 'federal_sectoral_usace' and producer 'scripts/download_usace_civil.py'.",scripts/download_usace_civil.py,,failed_command,2026-05-08 17:11:58 [INFO] Starting USACE civil works download for Puerto Rico... 2026-05-08 17:11:58 [INFO] [Window 2000f2009] 2007-10-01 to 2009-09-30 2026-05-08 17:11:58 [INFO] Fetching usace_civil_pop_2000f2009.csv (filter=pop) 2026-05-,require_manual_file,False
18,usaspending_federal_awards_backbone,data/staging/expansion/expansion_idv_indirect_pr.csv,csv,expansion_idv_indirect_pr.csv|expansion_idv_indirect_pr*.csv|*.csv,Award ID|Recipient Name|Awarding Agency|Awarding Sub Agency|Total Obligation|Start Date|Place of Performance State Code|Place of Performance City|Description|generated_internal_id,data/manual_import_dropzone/r4_8e/usaspending_federal_awards_backbone/expansion_idv_indirect_pr.csv,data/staging/expansion/expansion_idv_indirect_pr.csv,"python -c ""import pandas as pd; from pathlib import Path; p=Path('data/staging/expansion/expansion_idv_indirect_pr.csv'); assert p.exists(), 'missing output'; df=pd.read_csv(p,dtype=str,low_memory=False); assert len(df)>0, 'empty output'; req='Award ID,Recipient Name,Awarding Agency,Awarding Sub Agency,Total Obligation,Start Date,Place of Performance State Code,Place of Performance City,Description,generated_internal_id'.split(',') if 'Award ID,Recipient Name,Awarding Agency,Awarding Sub Agency,Total Obligation,Start Date,Place of Performance State Code,Place of Performance City,Description,generated_internal_id' else []; missing=[c for c in req if c and c not in df.columns]; assert not missing, f'missing columns: {missing}'; print('rows',len(df))""",https://api.usaspending.gov,"1) Open source portal: https://api.usaspending.gov
2) Confirm no secrets are embedded in exported files.
3) Export the source dataset for Puerto Rico scope and preserve raw columns.
4) Save exported file to dropzone path: data/manual_import_dropzone/r4_8e/usaspending_federal_awards_backbone/expansion_idv_indirect_pr.csv
5) Validate staged file with: python -c ""import pandas as pd; from pathlib import Path; p=Path('data/staging/expansion/expansion_idv_indirect_pr.csv'); assert p.exists(), 'missing output'; df=pd.read_csv(p,dtype=str,low_memory=False); assert len(df)>0, 'empty output'; req='Award ID,Recipient Name,Awarding Agency,Awarding Sub Agency,Total Obligation,Start Date,Place of Performance State Code,Place of Performance City,Description,generated_internal_id'.split(',') if 'Award ID,Recipient Name,Awarding Agency,Awarding Sub Agency,Total Obligation,Start Date,Place of Performance State Code,Place of Performance City,Description,generated_internal_id' else []; missing=[c for c in req if c and c not in df.columns]; assert not missing, f'missing columns: {missing}'; print('rows',len(df))""
6) If validation fails, queue remediation with source family 'usaspending_federal_awards_backbone' and producer 'scripts/auto_download.py'.",scripts/auto_download.py,,not_retried_endpoint_unavailable,endpoint unavailable source left queued,require_manual_file,False
19,usaspending_federal_awards_backbone,data/staging/expansion/expansion_dod_upr_2001_2015.csv,csv,expansion_dod_upr_2001_2015.csv|expansion_dod_upr_2001_2015*.csv|*.csv,Award ID|Recipient Name|Awarding Agency|Awarding Sub Agency|Total Obligation|Start Date|Place of Performance State Code|Place of Performance City|Description|generated_internal_id,data/manual_import_dropzone/r4_8e/usaspending_federal_awards_backbone/expansion_dod_upr_2001_2015.csv,data/staging/expansion/expansion_dod_upr_2001_2015.csv,"python -c ""import pandas as pd; from pathlib import Path; p=Path('data/staging/expansion/expansion_dod_upr_2001_2015.csv'); assert p.exists(), 'missing output'; df=pd.read_csv(p,dtype=str,low_memory=False); assert len(df)>0, 'empty output'; req='Award ID,Recipient Name,Awarding Agency,Awarding Sub Agency,Total Obligation,Start Date,Place of Performance State Code,Place of Performance City,Description,generated_internal_id'.split(',') if 'Award ID,Recipient Name,Awarding Agency,Awarding Sub Agency,Total Obligation,Start Date,Place of Performance State Code,Place of Performance City,Description,generated_internal_id' else []; missing=[c for c in req if c and c not in df.columns]; assert not missing, f'missing columns: {missing}'; print('rows',len(df))""",https://api.usaspending.gov,"1) Open source portal: https://api.usaspending.gov
2) Confirm no secrets are embedded in exported files.
3) Export the source dataset for Puerto Rico scope and preserve raw columns.
4) Save exported file to dropzone path: data/manual_import_dropzone/r4_8e/usaspending_federal_awards_backbone/expansion_dod_upr_2001_2015.csv
5) Validate staged file with: python -c ""import pandas as pd; from pathlib import Path; p=Path('data/staging/expansion/expansion_dod_upr_2001_2015.csv'); assert p.exists(), 'missing output'; df=pd.read_csv(p,dtype=str,low_memory=False); assert len(df)>0, 'empty output'; req='Award ID,Recipient Name,Awarding Agency,Awarding Sub Agency,Total Obligation,Start Date,Place of Performance State Code,Place of Performance City,Description,generated_internal_id'.split(',') if 'Award ID,Recipient Name,Awarding Agency,Awarding Sub Agency,Total Obligation,Start Date,Place of Performance State Code,Place of Performance City,Description,generated_internal_id' else []; missing=[c for c in req if c and c not in df.columns]; assert not missing, f'missing columns: {missing}'; print('rows',len(df))""
6) If validation fails, queue remediation with source family 'usaspending_federal_awards_backbone' and producer 'scripts/auto_download.py'.",scripts/auto_download.py,,not_retried_endpoint_unavailable,endpoint unavailable source left queued,require_manual_file,False
20,usaspending_federal_awards_backbone,data/staging/expansion/expansion_dod_upr_2016_2025.csv,csv,expansion_dod_upr_2016_2025.csv|expansion_dod_upr_2016_2025*.csv|*.csv,Award ID|Recipient Name|Awarding Agency|Awarding Sub Agency|Total Obligation|Start Date|Place of Performance State Code|Place of Performance City|Description|generated_internal_id,data/manual_import_dropzone/r4_8e/usaspending_federal_awards_backbone/expansion_dod_upr_2016_2025.csv,data/staging/expansion/expansion_dod_upr_2016_2025.csv,"python -c ""import pandas as pd; from pathlib import Path; p=Path('data/staging/expansion/expansion_dod_upr_2016_2025.csv'); assert p.exists(), 'missing output'; df=pd.read_csv(p,dtype=str,low_memory=False); assert len(df)>0, 'empty output'; req='Award ID,Recipient Name,Awarding Agency,Awarding Sub Agency,Total Obligation,Start Date,Place of Performance State Code,Place of Performance City,Description,generated_internal_id'.split(',') if 'Award ID,Recipient Name,Awarding Agency,Awarding Sub Agency,Total Obligation,Start Date,Place of Performance State Code,Place of Performance City,Description,generated_internal_id' else []; missing=[c for c in req if c and c not in df.columns]; assert not missing, f'missing columns: {missing}'; print('rows',len(df))""",https://api.usaspending.gov,"1) Open source portal: https://api.usaspending.gov
2) Confirm no secrets are embedded in exported files.
3) Export the source dataset for Puerto Rico scope and preserve raw columns.
4) Save exported file to dropzone path: data/manual_import_dropzone/r4_8e/usaspending_federal_awards_backbone/expansion_dod_upr_2016_2025.csv
5) Validate staged file with: python -c ""import pandas as pd; from pathlib import Path; p=Path('data/staging/expansion/expansion_dod_upr_2016_2025.csv'); assert p.exists(), 'missing output'; df=pd.read_csv(p,dtype=str,low_memory=False); assert len(df)>0, 'empty output'; req='Award ID,Recipient Name,Awarding Agency,Awarding Sub Agency,Total Obligation,Start Date,Place of Performance State Code,Place of Performance City,Description,generated_internal_id'.split(',') if 'Award ID,Recipient Name,Awarding Agency,Awarding Sub Agency,Total Obligation,Start Date,Place of Performance State Code,Place of Performance City,Description,generated_internal_id' else []; missing=[c for c in req if c and c not in df.columns]; assert not missing, f'missing columns: {missing}'; print('rows',len(df))""
6) If validation fails, queue remediation with source family 'usaspending_federal_awards_backbone' and producer 'scripts/auto_download.py'.",scripts/auto_download.py,,not_retried_endpoint_unavailable,endpoint unavailable source left queued,require_manual_file,False
21,usaspending_federal_awards_backbone,data/staging/expansion/expansion_reconstruction_2017_2025.csv,csv,expansion_reconstruction_2017_2025.csv|expansion_reconstruction_2017_2025*.csv|*.csv,Award ID|Recipient Name|Awarding Agency|Awarding Sub Agency|Total Obligation|Start Date|Place of Performance State Code|Place of Performance City|Description|generated_internal_id,data/manual_import_dropzone/r4_8e/usaspending_federal_awards_backbone/expansion_reconstruction_2017_2025.csv,data/staging/expansion/expansion_reconstruction_2017_2025.csv,"python -c ""import pandas as pd; from pathlib import Path; p=Path('data/staging/expansion/expansion_reconstruction_2017_2025.csv'); assert p.exists(), 'missing output'; df=pd.read_csv(p,dtype=str,low_memory=False); assert len(df)>0, 'empty output'; req='Award ID,Recipient Name,Awarding Agency,Awarding Sub Agency,Total Obligation,Start Date,Place of Performance State Code,Place of Performance City,Description,generated_internal_id'.split(',') if 'Award ID,Recipient Name,Awarding Agency,Awarding Sub Agency,Total Obligation,Start Date,Place of Performance State Code,Place of Performance City,Description,generated_internal_id' else []; missing=[c for c in req if c and c not in df.columns]; assert not missing, f'missing columns: {missing}'; print('rows',len(df))""",https://api.usaspending.gov,"1) Open source portal: https://api.usaspending.gov
2) Confirm no secrets are embedded in exported files.
3) Export the source dataset for Puerto Rico scope and preserve raw columns.
4) Save exported file to dropzone path: data/manual_import_dropzone/r4_8e/usaspending_federal_awards_backbone/expansion_reconstruction_2017_2025.csv
5) Validate staged file with: python -c ""import pandas as pd; from pathlib import Path; p=Path('data/staging/expansion/expansion_reconstruction_2017_2025.csv'); assert p.exists(), 'missing output'; df=pd.read_csv(p,dtype=str,low_memory=False); assert len(df)>0, 'empty output'; req='Award ID,Recipient Name,Awarding Agency,Awarding Sub Agency,Total Obligation,Start Date,Place of Performance State Code,Place of Performance City,Description,generated_internal_id'.split(',') if 'Award ID,Recipient Name,Awarding Agency,Awarding Sub Agency,Total Obligation,Start Date,Place of Performance State Code,Place of Performance City,Description,generated_internal_id' else []; missing=[c for c in req if c and c not in df.columns]; assert not missing, f'missing columns: {missing}'; print('rows',len(df))""
6) If validation fails, queue remediation with source family 'usaspending_federal_awards_backbone' and producer 'scripts/auto_download.py'.",scripts/auto_download.py,,not_retried_endpoint_unavailable,endpoint unavailable source left queued,require_manual_file,False
